,Ticker,Date,High,Low,Close,Volume
0,PETR3,2023-10-27 00:00:00-03:00,39.630001068115234,38.130001068115234,38.47999954223633,13358800
1,PETR3,2023-10-30 00:00:00-03:00,38.869998931884766,37.83000183105469,38.16999816894531,8454300
2,PETR3,2023-10-31 00:00:00-03:00,38.2400016784668,37.43000030517578,37.84000015258789,6514700
3,PETR3,2023-11-01 00:00:00-03:00,38.72999954223633,37.900001525878906,38.279998779296875,13428200
4,PETR3,2023-11-03 00:00:00-03:00,38.9900016784668,38.04999923706055,38.599998474121094,9668700
5,PETR3,2023-11-06 00:00:00-03:00,39.16999816894531,38.43000030517578,38.5,10596200
6,PETR3,2023-11-07 00:00:00-03:00,38.380001068115234,37.33000183105469,37.650001525878906,15189300
7,PETR3,2023-11-08 00:00:00-03:00,37.47999954223633,36.47999954223633,36.7599983215332,11870400
8,PETR3,2023-11-09 00:00:00-03:00,37.810001373291016,36.959999084472656,37.540000915527344,14926800
9,PETR3,2023-11-10 00:00:00-03:00,37.75,37.189998626708984,37.41999816894531,6068100
10,VALE3,2023-10-27 00:00:00-03:00,67.76000213623047,64.70999908447266,67.56999969482422,47989100
11,VALE3,2023-10-30 00:00:00-03:00,68.88999938964844,68.04000091552734,68.18000030517578,26604100
12,VALE3,2023-10-31 00:00:00-03:00,69.23999786376953,67.56999969482422,69.0,20961400
13,VALE3,2023-11-01 00:00:00-03:00,70.69999694824219,69.25,70.31999969482422,31543500
14,VALE3,2023-11-03 00:00:00-03:00,71.61000061035156,70.93000030517578,71.19999694824219,28599600
15,VALE3,2023-11-06 00:00:00-03:00,71.80000305175781,71.19999694824219,71.5,19096300
16,VALE3,2023-11-07 00:00:00-03:00,71.0999984741211,69.23999786376953,70.08000183105469,37073000
17,VALE3,2023-11-08 00:00:00-03:00,70.86000061035156,69.81999969482422,70.12999725341797,21047900
18,VALE3,2023-11-09 00:00:00-03:00,71.13999938964844,70.22000122070312,70.47000122070312,16542700
19,VALE3,2023-11-10 00:00:00-03:00,71.7300033569336,70.9000015258789,71.55000305175781,22200500
20,ITUB4,2023-10-27 00:00:00-03:00,27.881639459368877,27.172107604156924,27.282033920288086,30176000
21,ITUB4,2023-10-30 00:00:00-03:00,27.47190960692619,26.972238638653046,27.062179565429688,15110200
22,ITUB4,2023-10-31 00:00:00-03:00,27.16211277966097,26.642454541225902,26.802349090576172,25392800
23,ITUB4,2023-11-01 00:00:00-03:00,27.34000015258789,26.860000610351562,27.18000030517578,26217000
24,ITUB4,2023-11-03 00:00:00-03:00,28.110000610351562,27.549999237060547,27.93000030517578,35317500
25,ITUB4,2023-11-06 00:00:00-03:00,28.219999313354492,27.8799991607666,28.190000534057617,18023400
26,ITUB4,2023-11-07 00:00:00-03:00,29.18000030517578,27.950000762939453,28.979999542236328,60774300
27,ITUB4,2023-11-08 00:00:00-03:00,29.229999542236328,28.780000686645508,29.110000610351562,23697200
28,ITUB4,2023-11-09 00:00:00-03:00,29.43000030517578,28.780000686645508,29.239999771118164,25831200
29,ITUB4,2023-11-10 00:00:00-03:00,29.8700008392334,29.270000457763672,29.59000015258789,24499000
30,BBDC4,2023-10-27 00:00:00-03:00,14.600352798367075,14.21087655701492,14.330716133117676,43153700
31,BBDC4,2023-10-30 00:00:00-03:00,14.460541118314774,14.081052605683102,14.170930862426758,37855700
32,BBDC4,2023-10-31 00:00:00-03:00,14.170930071244886,13.93125282852446,13.971199035644531,32793200
33,BBDC4,2023-11-01 00:00:00-03:00,14.170930252943823,13.941239797156511,14.101024627685547,42471800
34,BBDC4,2023-11-03 00:00:00-03:00,14.880000114440918,14.369999885559082,14.770000457763672,70577700
35,BBDC4,2023-11-06 00:00:00-03:00,14.890000343322754,14.609999656677246,14.760000228881836,23949400
36,BBDC4,2023-11-07 00:00:00-03:00,15.279999732971191,14.699999809265137,15.149999618530273,80300200
37,BBDC4,2023-11-08 00:00:00-03:00,15.3100004196167,15.010000228881836,15.229999542236328,33468600
38,BBDC4,2023-11-09 00:00:00-03:00,15.5,14.989999771118164,15.260000228881836,45228200
39,BBDC4,2023-11-10 00:00:00-03:00,15.119999885559082,14.6899995803833,15.039999961853027,66453700
40,BBAS3,2023-10-27 00:00:00-03:00,50.060001373291016,48.529998779296875,48.79999923706055,10168900
41,BBAS3,2023-10-30 00:00:00-03:00,49.220001220703125,48.220001220703125,48.459999084472656,9005100
42,BBAS3,2023-10-31 00:00:00-03:00,48.849998474121094,47.779998779296875,48.349998474121094,7043700
43,BBAS3,2023-11-01 00:00:00-03:00,48.7400016784668,48.08000183105469,48.400001525878906,10905000
44,BBAS3,2023-11-03 00:00:00-03:00,50.459999084472656,48.849998474121094,50.099998474121094,12382700
45,BBAS3,2023-11-06 00:00:00-03:00,50.650001525878906,50.0,50.45000076293945,6108400
46,BBAS3,2023-11-07 00:00:00-03:00,51.189998626708984,50.130001068115234,51.02000045776367,14527500
47,BBAS3,2023-11-08 00:00:00-03:00,51.7400016784668,51.02000045776367,51.66999816894531,9488000
48,BBAS3,2023-11-09 00:00:00-03:00,51.36000061035156,49.220001220703125,49.5099983215332,31213600
49,BBAS3,2023-11-10 00:00:00-03:00,50.38999938964844,49.459999084472656,50.2400016784668,8916200
50,ELET3,2023-10-27 00:00:00-03:00,35.869998931884766,34.04999923706055,34.349998474121094,8203900
51,ELET3,2023-10-30 00:00:00-03:00,35.20000076293945,34.13999938964844,34.349998474121094,6181600
52,ELET3,2023-10-31 00:00:00-03:00,34.880001068115234,34.16999816894531,34.84000015258789,3875600
53,ELET3,2023-11-01 00:00:00-03:00,36.290000915527344,34.86000061035156,36.040000915527344,8905800
54,ELET3,2023-11-03 00:00:00-03:00,37.290000915527344,36.310001373291016,36.900001525878906,5860700
55,ELET3,2023-11-06 00:00:00-03:00,37.220001220703125,36.349998474121094,37.09000015258789,5449500
56,ELET3,2023-11-07 00:00:00-03:00,38.09000015258789,37.04999923706055,37.709999084472656,12988700
57,ELET3,2023-11-08 00:00:00-03:00,38.689998626708984,37.13999938964844,37.540000915527344,9680600
58,ELET3,2023-11-09 00:00:00-03:00,37.93000030517578,37.09000015258789,37.279998779296875,5715200
59,ELET3,2023-11-10 00:00:00-03:00,38.099998474121094,37.099998474121094,37.349998474121094,8666200
60,ABEV3,2023-10-27 00:00:00-03:00,12.630000114440918,12.279999732971191,12.289999961853027,27730300
61,ABEV3,2023-10-30 00:00:00-03:00,12.489999771118164,12.300000190734863,12.359999656677246,26078000
62,ABEV3,2023-10-31 00:00:00-03:00,12.949999809265137,12.609999656677246,12.859999656677246,64210200
63,ABEV3,2023-11-01 00:00:00-03:00,13.0,12.760000228881836,12.989999771118164,40528700
64,ABEV3,2023-11-03 00:00:00-03:00,13.369999885559082,13.050000190734863,13.289999961853027,27360200
65,ABEV3,2023-11-06 00:00:00-03:00,13.569999694824219,13.289999961853027,13.510000228881836,20562100
66,ABEV3,2023-11-07 00:00:00-03:00,13.59000015258789,13.460000038146973,13.569999694824219,20565500
67,ABEV3,2023-11-08 00:00:00-03:00,13.680000305175781,13.520000457763672,13.539999961853027,29629700
68,ABEV3,2023-11-09 00:00:00-03:00,13.569999694824219,13.369999885559082,13.40999984741211,18858200
69,ABEV3,2023-11-10 00:00:00-03:00,13.489999771118164,13.350000381469727,13.350000381469727,15140600
70,SANB3,2023-10-27 00:00:00-03:00,13.229999542236328,12.800000190734863,12.8100004196167,71700
71,SANB3,2023-10-30 00:00:00-03:00,12.890000343322754,12.5,12.630000114440918,128300
72,SANB3,2023-10-31 00:00:00-03:00,12.75,12.630000114440918,12.710000038146973,83500
73,SANB3,2023-11-01 00:00:00-03:00,12.989999771118164,12.670000076293945,12.949999809265137,88800
74,SANB3,2023-11-03 00:00:00-03:00,13.220000267028809,13.0,13.140000343322754,148100
75,SANB3,2023-11-06 00:00:00-03:00,13.210000038146973,13.0,13.010000228881836,84900
76,SANB3,2023-11-07 00:00:00-03:00,13.5,13.020000457763672,13.479999542236328,177500
77,SANB3,2023-11-08 00:00:00-03:00,13.869999885559082,13.449999809265137,13.869999885559082,225400
78,SANB3,2023-11-09 00:00:00-03:00,13.970000267028809,13.670000076293945,13.859999656677246,288300
79,SANB3,2023-11-10 00:00:00-03:00,14.199999809265137,13.720000267028809,14.100000381469727,233100
80,ITSA3,2023-10-27 00:00:00-03:00,9.069999694824219,8.84000015258789,8.84000015258789,223000
81,ITSA3,2023-10-30 00:00:00-03:00,8.949999809265137,8.75,8.75,206300
82,ITSA3,2023-10-31 00:00:00-03:00,8.850000381469727,8.739999771118164,8.779999732971191,177000
83,ITSA3,2023-11-01 00:00:00-03:00,8.949999809265137,8.770000457763672,8.880000114440918,119500
84,ITSA3,2023-11-03 00:00:00-03:00,9.220000267028809,8.979999542236328,9.130000114440918,165100
85,ITSA3,2023-11-06 00:00:00-03:00,9.25,9.100000381469727,9.1899995803833,172100
86,ITSA3,2023-11-07 00:00:00-03:00,9.470000267028809,9.1899995803833,9.350000381469727,157500
87,ITSA3,2023-11-08 00:00:00-03:00,9.460000038146973,9.359999656677246,9.40999984741211,61800
88,ITSA3,2023-11-09 00:00:00-03:00,9.460000038146973,9.359999656677246,9.430000305175781,128100
89,ITSA3,2023-11-10 00:00:00-03:00,9.59000015258789,9.4399995803833,9.5,175400
90,VIVT3,2023-10-27 00:00:00-03:00,46.27000045776367,44.43000030517578,44.72999954223633,2805300
91,VIVT3,2023-10-30 00:00:00-03:00,45.5099983215332,44.59000015258789,45.099998474121094,2629500
92,VIVT3,2023-10-31 00:00:00-03:00,45.77000045776367,45.02000045776367,45.2400016784668,2147200
93,VIVT3,2023-11-01 00:00:00-03:00,47.75,45.81999969482422,47.529998779296875,4127600
94,VIVT3,2023-11-03 00:00:00-03:00,48.470001220703125,47.41999816894531,47.650001525878906,3948700
95,VIVT3,2023-11-06 00:00:00-03:00,47.880001068115234,46.9900016784668,47.220001220703125,2391500
96,VIVT3,2023-11-07 00:00:00-03:00,48.13999938964844,47.38999938964844,48.040000915527344,2928400
97,VIVT3,2023-11-08 00:00:00-03:00,49.599998474121094,48.130001068115234,49.56999969482422,4365900
98,VIVT3,2023-11-09 00:00:00-03:00,50.18000030517578,49.029998779296875,49.5099983215332,3269300
99,VIVT3,2023-11-10 00:00:00-03:00,50.29999923706055,49.18000030517578,50.099998474121094,2460300
100,HAPV3,2023-10-27 00:00:00-03:00,3.930000066757202,3.6500000953674316,3.740000009536743,110735200
101,HAPV3,2023-10-30 00:00:00-03:00,3.8299999237060547,3.619999885559082,3.640000104904175,57094500
102,HAPV3,2023-10-31 00:00:00-03:00,3.7699999809265137,3.569999933242798,3.690000057220459,55789200
103,HAPV3,2023-11-01 00:00:00-03:00,3.859999895095825,3.609999895095825,3.740000009536743,185267500
104,HAPV3,2023-11-03 00:00:00-03:00,4.099999904632568,3.8299999237060547,4.039999961853027,122408400
105,HAPV3,2023-11-06 00:00:00-03:00,4.079999923706055,3.9200000762939453,3.9800000190734863,40001800
106,HAPV3,2023-11-07 00:00:00-03:00,4.320000171661377,3.990000009536743,4.320000171661377,108125200
107,HAPV3,2023-11-08 00:00:00-03:00,4.510000228881836,4.179999828338623,4.309999942779541,87140500
108,HAPV3,2023-11-09 00:00:00-03:00,4.619999885559082,4.28000020980835,4.460000038146973,221385800
109,HAPV3,2023-11-10 00:00:00-03:00,4.519999980926514,4.369999885559082,4.400000095367432,59942200
110,GGBR4,2023-10-27 00:00:00-03:00,22.079999923706055,21.809999465942383,21.84000015258789,5560000
111,GGBR4,2023-10-30 00:00:00-03:00,22.1299991607666,21.709999084472656,21.8799991607666,4202300
112,GGBR4,2023-10-31 00:00:00-03:00,22.030000686645508,21.75,21.770000457763672,11128100
113,GGBR4,2023-11-01 00:00:00-03:00,22.200000762939453,21.780000686645508,22.18000030517578,9310700
114,GGBR4,2023-11-03 00:00:00-03:00,22.989999771118164,22.549999237060547,22.850000381469727,9213400
115,GGBR4,2023-11-06 00:00:00-03:00,23.420000076293945,22.829999923706055,23.1200008392334,9541200
116,GGBR4,2023-11-07 00:00:00-03:00,23.440000534057617,22.68000030517578,22.799999237060547,17226400
117,GGBR4,2023-11-08 00:00:00-03:00,23.0,22.65999984741211,22.690000534057617,8076300
118,GGBR4,2023-11-09 00:00:00-03:00,23.059999465942383,22.56999969482422,22.719999313354492,8144000
119,GGBR4,2023-11-10 00:00:00-03:00,23.829999923706055,22.850000381469727,23.760000228881836,12167000
120,BPAC3,2023-10-27 00:00:00-03:00,14.880000114440918,14.039999961853027,14.039999961853027,4200
121,BPAC3,2023-10-30 00:00:00-03:00,14.5,13.720000267028809,13.720000267028809,2800
122,BPAC3,2023-10-31 00:00:00-03:00,14.399999618530273,13.630000114440918,13.9399995803833,2500
123,BPAC3,2023-11-01 00:00:00-03:00,14.5,13.460000038146973,13.699999809265137,27800
124,BPAC3,2023-11-03 00:00:00-03:00,14.5,13.510000228881836,14.430000305175781,15600
125,BPAC3,2023-11-06 00:00:00-03:00,14.970000267028809,14.220000267028809,14.9399995803833,9000
126,BPAC3,2023-11-07 00:00:00-03:00,15.729999542236328,14.880000114440918,15.550000190734863,15700
127,BPAC3,2023-11-08 00:00:00-03:00,16.100000381469727,15.119999885559082,16.100000381469727,26300
128,BPAC3,2023-11-09 00:00:00-03:00,16.450000762939453,15.399999618530273,15.460000038146973,14500
129,BPAC3,2023-11-10 00:00:00-03:00,16.350000381469727,15.550000190734863,16.020000457763672,9800
130,JBSS3,2023-10-27 00:00:00-03:00,20.40999984741211,19.700000762939453,19.8799991607666,7528500
131,JBSS3,2023-10-30 00:00:00-03:00,20.190000534057617,19.770000457763672,19.90999984741211,6742100
132,JBSS3,2023-10-31 00:00:00-03:00,20.18000030517578,19.770000457763672,20.030000686645508,5555900
133,JBSS3,2023-11-01 00:00:00-03:00,20.770000457763672,20.020000457763672,20.459999084472656,10271800
134,JBSS3,2023-11-03 00:00:00-03:00,21.059999465942383,20.610000610351562,20.850000381469727,8696800
135,JBSS3,2023-11-06 00:00:00-03:00,21.510000228881836,20.899999618530273,21.31999969482422,9242900
136,JBSS3,2023-11-07 00:00:00-03:00,21.770000457763672,21.329999923706055,21.68000030517578,7689400
137,JBSS3,2023-11-08 00:00:00-03:00,21.899999618530273,21.34000015258789,21.5,9975500
138,JBSS3,2023-11-09 00:00:00-03:00,21.639999389648438,20.850000381469727,21.06999969482422,8132400
139,JBSS3,2023-11-10 00:00:00-03:00,21.549999237060547,21.1200008392334,21.309999465942383,7469100
140,SUZB3,2023-10-27 00:00:00-03:00,53.540000915527344,51.25,51.91999816894531,23690900
141,SUZB3,2023-10-30 00:00:00-03:00,52.380001068115234,51.38999938964844,51.650001525878906,4805400
142,SUZB3,2023-10-31 00:00:00-03:00,52.7400016784668,51.5,51.56999969482422,7381900
143,SUZB3,2023-11-01 00:00:00-03:00,51.88999938964844,51.29999923706055,51.45000076293945,4350500
144,SUZB3,2023-11-03 00:00:00-03:00,51.63999938964844,50.40999984741211,51.15999984741211,13549200
145,SUZB3,2023-11-06 00:00:00-03:00,52.279998779296875,51.380001068115234,51.88999938964844,4439600
146,SUZB3,2023-11-07 00:00:00-03:00,52.86000061035156,51.470001220703125,52.060001373291016,7443800
147,SUZB3,2023-11-08 00:00:00-03:00,53.88999938964844,52.09000015258789,53.4900016784668,5547800
148,SUZB3,2023-11-09 00:00:00-03:00,53.790000915527344,52.880001068115234,53.43000030517578,4390300
149,SUZB3,2023-11-10 00:00:00-03:00,54.88999938964844,53.40999984741211,54.63999938964844,4294700
150,NEOE3,2023-10-27 00:00:00-03:00,18.760000228881836,17.90999984741211,18.040000915527344,1392200
151,NEOE3,2023-10-30 00:00:00-03:00,18.18000030517578,17.280000686645508,17.479999542236328,1523700
152,NEOE3,2023-10-31 00:00:00-03:00,17.84000015258789,17.399999618530273,17.520000457763672,1275500
153,NEOE3,2023-11-01 00:00:00-03:00,17.770000457763672,17.450000762939453,17.540000915527344,2161500
154,NEOE3,2023-11-03 00:00:00-03:00,18.459999084472656,17.760000228881836,18.149999618530273,1212900
155,NEOE3,2023-11-06 00:00:00-03:00,18.389999389648438,17.969999313354492,18.280000686645508,1023400
156,NEOE3,2023-11-07 00:00:00-03:00,18.549999237060547,17.940000534057617,18.010000228881836,1629500
157,NEOE3,2023-11-08 00:00:00-03:00,18.190000534057617,17.719999313354492,17.81999969482422,1721600
158,NEOE3,2023-11-09 00:00:00-03:00,18.09000015258789,17.700000762939453,17.969999313354492,1425900
159,NEOE3,2023-11-10 00:00:00-03:00,18.59000015258789,18.010000228881836,18.290000915527344,1056400
160,SBSP3,2023-10-27 00:00:00-03:00,61.400001525878906,59.540000915527344,59.560001373291016,2643000
161,SBSP3,2023-10-30 00:00:00-03:00,60.279998779296875,58.310001373291016,58.59000015258789,3024000
162,SBSP3,2023-10-31 00:00:00-03:00,59.0,58.099998474121094,58.369998931884766,1419100
163,SBSP3,2023-11-01 00:00:00-03:00,59.7400016784668,58.40999984741211,59.40999984741211,3575700
164,SBSP3,2023-11-03 00:00:00-03:00,61.11000061035156,59.88999938964844,60.88999938964844,2078300
165,SBSP3,2023-11-06 00:00:00-03:00,61.4900016784668,59.93000030517578,60.599998474121094,1946100
166,SBSP3,2023-11-07 00:00:00-03:00,61.45000076293945,60.220001220703125,61.099998474121094,2028300
167,SBSP3,2023-11-08 00:00:00-03:00,61.810001373291016,60.189998626708984,60.93000030517578,1836100
168,SBSP3,2023-11-09 00:00:00-03:00,61.5099983215332,59.86000061035156,61.119998931884766,2577100
169,SBSP3,2023-11-10 00:00:00-03:00,61.650001525878906,60.5,61.130001068115234,2152900
170,TIMS3,2023-10-27 00:00:00-03:00,15.470000267028809,14.920000076293945,14.949999809265137,9745300
171,TIMS3,2023-10-30 00:00:00-03:00,15.140000343322754,14.9399995803833,14.960000038146973,5328200
172,TIMS3,2023-10-31 00:00:00-03:00,15.319999694824219,14.90999984741211,15.170000076293945,5466500
173,TIMS3,2023-11-01 00:00:00-03:00,15.890000343322754,15.220000267028809,15.829999923706055,12930700
174,TIMS3,2023-11-03 00:00:00-03:00,16.239999771118164,15.829999923706055,15.859999656677246,7428200
175,TIMS3,2023-11-06 00:00:00-03:00,16.06999969482422,15.789999961853027,16.06999969482422,7558600
176,TIMS3,2023-11-07 00:00:00-03:00,16.709999084472656,16.200000762939453,16.56999969482422,9780100
177,TIMS3,2023-11-08 00:00:00-03:00,17.290000915527344,16.530000686645508,17.239999771118164,16682800
178,TIMS3,2023-11-09 00:00:00-03:00,17.3799991607666,17.040000915527344,17.229999542236328,10571900
179,TIMS3,2023-11-10 00:00:00-03:00,17.56999969482422,17.25,17.34000015258789,10452000
180,RENT3,2023-10-27 00:00:00-03:00,52.36000061035156,50.279998779296875,50.439998626708984,4707000
181,RENT3,2023-10-30 00:00:00-03:00,51.45000076293945,50.02000045776367,50.310001373291016,6151000
182,RENT3,2023-10-31 00:00:00-03:00,51.31999969482422,50.2599983215332,50.869998931884766,7390900
183,RENT3,2023-11-01 00:00:00-03:00,52.27000045776367,50.79999923706055,51.91999816894531,9742100
184,RENT3,2023-11-03 00:00:00-03:00,55.400001525878906,53.5,54.810001373291016,15211300
185,RENT3,2023-11-06 00:00:00-03:00,55.70000076293945,53.900001525878906,54.0099983215332,6419000
186,RENT3,2023-11-07 00:00:00-03:00,55.43000030517578,53.81999969482422,55.34000015258789,8372500
187,RENT3,2023-11-08 00:00:00-03:00,56.16999816894531,55.04999923706055,55.5,5443900
188,RENT3,2023-11-09 00:00:00-03:00,56.16999816894531,54.95000076293945,55.25,6149600
189,RENT3,2023-11-10 00:00:00-03:00,57.09000015258789,55.36000061035156,56.68000030517578,9149100
190,CMIG3,2023-10-27 00:00:00-03:00,15.600000381469727,14.90999984741211,14.9399995803833,252800
191,CMIG3,2023-10-30 00:00:00-03:00,15.649999618530273,14.960000038146973,15.170000076293945,555300
192,CMIG3,2023-10-31 00:00:00-03:00,15.489999771118164,15.0,15.399999618530273,328900
193,CMIG3,2023-11-01 00:00:00-03:00,16.600000381469727,15.449999809265137,16.479999542236328,608700
194,CMIG3,2023-11-03 00:00:00-03:00,17.06999969482422,16.700000762939453,16.829999923706055,291700
195,CMIG3,2023-11-06 00:00:00-03:00,17.100000381469727,16.709999084472656,17.0,154400
196,CMIG3,2023-11-07 00:00:00-03:00,17.270000457763672,16.969999313354492,17.010000228881836,205900
197,CMIG3,2023-11-08 00:00:00-03:00,17.18000030517578,16.559999465942383,16.989999771118164,339900
198,CMIG3,2023-11-09 00:00:00-03:00,17.59000015258789,16.959999084472656,17.450000762939453,226600
199,CMIG3,2023-11-10 00:00:00-03:00,17.700000762939453,17.260000228881836,17.440000534057617,245600
200,USIM3,2023-10-27 00:00:00-03:00,6.420000076293945,6.099999904632568,6.300000190734863,177600
201,USIM3,2023-10-30 00:00:00-03:00,6.650000095367432,6.300000190734863,6.559999942779541,224800
202,USIM3,2023-10-31 00:00:00-03:00,6.849999904632568,6.53000020980835,6.639999866485596,199400
203,USIM3,2023-11-01 00:00:00-03:00,6.829999923706055,6.630000114440918,6.730000019073486,335200
204,USIM3,2023-11-03 00:00:00-03:00,6.920000076293945,6.800000190734863,6.880000114440918,120900
205,USIM3,2023-11-06 00:00:00-03:00,6.920000076293945,6.75,6.75,95100
206,USIM3,2023-11-07 00:00:00-03:00,6.849999904632568,6.699999809265137,6.849999904632568,136200
207,USIM3,2023-11-08 00:00:00-03:00,6.980000019073486,6.75,6.829999923706055,148400
208,USIM3,2023-11-09 00:00:00-03:00,6.860000133514404,6.559999942779541,6.590000152587891,162000
209,USIM3,2023-11-10 00:00:00-03:00,6.800000190734863,6.599999904632568,6.800000190734863,125300
210,RAIZ4,2023-10-27 00:00:00-03:00,3.869999885559082,3.7200000286102295,3.740000009536743,26716200
211,RAIZ4,2023-10-30 00:00:00-03:00,3.7899999618530273,3.5999999046325684,3.609999895095825,22466600
212,RAIZ4,2023-10-31 00:00:00-03:00,3.6500000953674316,3.549999952316284,3.630000114440918,11282600
213,RAIZ4,2023-11-01 00:00:00-03:00,3.75,3.640000104904175,3.75,18109500
214,RAIZ4,2023-11-03 00:00:00-03:00,3.8499999046325684,3.75,3.7899999618530273,16239100
215,RAIZ4,2023-11-06 00:00:00-03:00,3.8399999141693115,3.759999990463257,3.7899999618530273,9299300
216,RAIZ4,2023-11-07 00:00:00-03:00,4.0,3.7799999713897705,3.990000009536743,29734300
217,RAIZ4,2023-11-08 00:00:00-03:00,4.03000020980835,3.7899999618530273,3.799999952316284,30563500
218,RAIZ4,2023-11-09 00:00:00-03:00,3.9700000286102295,3.759999990463257,3.7699999809265137,25567000
219,RAIZ4,2023-11-10 00:00:00-03:00,3.8499999046325684,3.7699999809265137,3.809999942779541,16066300
220,RDOR3,2023-10-27 00:00:00-03:00,22.920000076293945,21.860000610351562,22.149999618530273,7097900
221,RDOR3,2023-10-30 00:00:00-03:00,22.479999542236328,21.770000457763672,21.770000457763672,4158700
222,RDOR3,2023-10-31 00:00:00-03:00,22.280000686645508,21.389999389648438,21.6200008392334,4289300
223,RDOR3,2023-11-01 00:00:00-03:00,23.219999313354492,21.649999618530273,22.969999313354492,9060800
224,RDOR3,2023-11-03 00:00:00-03:00,24.959999084472656,23.639999389648438,24.459999084472656,13339500
225,RDOR3,2023-11-06 00:00:00-03:00,24.420000076293945,23.459999084472656,23.5,4850400
226,RDOR3,2023-11-07 00:00:00-03:00,24.860000610351562,23.399999618530273,24.6299991607666,7070600
227,RDOR3,2023-11-08 00:00:00-03:00,25.010000228881836,23.549999237060547,24.799999237060547,10835500
228,RDOR3,2023-11-09 00:00:00-03:00,25.09000015258789,23.829999923706055,23.940000534057617,5130400
229,RDOR3,2023-11-10 00:00:00-03:00,24.75,23.920000076293945,24.6299991607666,3861500
230,CPLE5,2023-10-27 00:00:00-03:00,23.520000457763672,23.520000457763672,23.520000457763672,0
231,CPLE5,2023-10-30 00:00:00-03:00,24.0,24.0,24.0,100
232,CPLE5,2023-10-31 00:00:00-03:00,24.0,24.0,24.0,0
233,CPLE5,2023-11-01 00:00:00-03:00,24.0,24.0,24.0,0
234,CPLE5,2023-11-03 00:00:00-03:00,24.43000030517578,24.43000030517578,24.43000030517578,100
235,CPLE5,2023-11-06 00:00:00-03:00,24.43000030517578,24.43000030517578,24.43000030517578,0
236,CPLE5,2023-11-07 00:00:00-03:00,25.0,23.020000457763672,23.020000457763672,200
237,CPLE5,2023-11-08 00:00:00-03:00,24.479999542236328,22.510000228881836,22.510000228881836,200
238,CPLE5,2023-11-09 00:00:00-03:00,22.110000610351562,22.110000610351562,22.110000610351562,100
239,CPLE5,2023-11-10 00:00:00-03:00,22.110000610351562,22.110000610351562,22.110000610351562,0
240,NTCO3,2023-10-27 00:00:00-03:00,13.239999771118164,12.399999618530273,12.489999771118164,7999700
241,NTCO3,2023-10-30 00:00:00-03:00,12.960000038146973,12.3100004196167,12.449999809265137,18695400
242,NTCO3,2023-10-31 00:00:00-03:00,12.829999923706055,12.180000305175781,12.75,9160900
243,NTCO3,2023-11-01 00:00:00-03:00,12.90999984741211,12.420000076293945,12.579999923706055,9804000
244,NTCO3,2023-11-03 00:00:00-03:00,13.529999732971191,13.069999694824219,13.369999885559082,9590700
245,NTCO3,2023-11-06 00:00:00-03:00,13.569999694824219,12.970000267028809,13.069999694824219,7191000
246,NTCO3,2023-11-07 00:00:00-03:00,13.859999656677246,12.84000015258789,13.649999618530273,11797900
247,NTCO3,2023-11-08 00:00:00-03:00,14.050000190734863,13.210000038146973,13.5600004196167,7210500
248,NTCO3,2023-11-09 00:00:00-03:00,13.850000381469727,13.350000381469727,13.449999809265137,4096700
249,NTCO3,2023-11-10 00:00:00-03:00,14.09000015258789,13.5,13.9399995803833,9556800
250,B3SA3,2023-10-27 00:00:00-03:00,11.75,11.140000343322754,11.199999809265137,39597000
251,B3SA3,2023-10-30 00:00:00-03:00,11.369999885559082,11.039999961853027,11.079999923706055,39671100
252,B3SA3,2023-10-31 00:00:00-03:00,11.289999961853027,11.020000457763672,11.100000381469727,37086000
253,B3SA3,2023-11-01 00:00:00-03:00,11.649999618530273,11.130000114440918,11.550000190734863,44636800
254,B3SA3,2023-11-03 00:00:00-03:00,12.3100004196167,11.829999923706055,12.210000038146973,66501900
255,B3SA3,2023-11-06 00:00:00-03:00,12.34000015258789,12.050000190734863,12.239999771118164,33391600
256,B3SA3,2023-11-07 00:00:00-03:00,12.680000305175781,12.170000076293945,12.460000038146973,48835200
257,B3SA3,2023-11-08 00:00:00-03:00,12.630000114440918,12.3100004196167,12.470000267028809,28362600
258,B3SA3,2023-11-09 00:00:00-03:00,12.6899995803833,12.279999732971191,12.359999656677246,25942900
259,B3SA3,2023-11-10 00:00:00-03:00,12.989999771118164,12.34000015258789,12.960000038146973,36346300
260,CRFB3,2023-10-27 00:00:00-03:00,9.279999732971191,8.84000015258789,8.859999656677246,5779400
261,CRFB3,2023-10-30 00:00:00-03:00,9.020000457763672,8.6899995803833,8.699999809265137,5372000
262,CRFB3,2023-10-31 00:00:00-03:00,9.050000190734863,8.640000343322754,8.970000267028809,3702600
263,CRFB3,2023-11-01 00:00:00-03:00,9.720000267028809,9.0,9.670000076293945,17212300
264,CRFB3,2023-11-03 00:00:00-03:00,10.289999961853027,9.890000343322754,10.149999618530273,10927400
265,CRFB3,2023-11-06 00:00:00-03:00,10.350000381469727,10.039999961853027,10.329999923706055,9059200
266,CRFB3,2023-11-07 00:00:00-03:00,10.84000015258789,10.239999771118164,10.75,11056900
267,CRFB3,2023-11-08 00:00:00-03:00,11.069999694824219,10.479999542236328,10.9399995803833,10967400
268,CRFB3,2023-11-09 00:00:00-03:00,11.0,10.40999984741211,10.449999809265137,7076300
269,CRFB3,2023-11-10 00:00:00-03:00,10.699999809265137,10.369999885559082,10.539999961853027,5618600
270,EQTL3,2023-10-27 00:00:00-03:00,32.95000076293945,31.8799991607666,31.920000076293945,5392000
271,EQTL3,2023-10-30 00:00:00-03:00,32.150001525878906,31.209999084472656,31.260000228881836,6418100
272,EQTL3,2023-10-31 00:00:00-03:00,31.790000915527344,31.149999618530273,31.600000381469727,3361200
273,EQTL3,2023-11-01 00:00:00-03:00,32.459999084472656,31.610000610351562,32.2599983215332,7695800
274,EQTL3,2023-11-03 00:00:00-03:00,33.119998931884766,32.380001068115234,32.90999984741211,5484300
275,EQTL3,2023-11-06 00:00:00-03:00,33.279998779296875,32.72999954223633,33.279998779296875,7130700
276,EQTL3,2023-11-07 00:00:00-03:00,33.77000045776367,33.09000015258789,33.189998626708984,9192600
277,EQTL3,2023-11-08 00:00:00-03:00,33.599998474121094,32.84000015258789,33.349998474121094,6552200
278,EQTL3,2023-11-09 00:00:00-03:00,33.619998931884766,32.86000061035156,33.29999923706055,3531400
279,EQTL3,2023-11-10 00:00:00-03:00,33.86000061035156,33.34000015258789,33.720001220703125,4697300
280,CSNA3,2023-10-27 00:00:00-03:00,11.59000015258789,11.270000457763672,11.369999885559082,12237800
281,CSNA3,2023-10-30 00:00:00-03:00,11.670000076293945,11.430000305175781,11.5,10559100
282,CSNA3,2023-10-31 00:00:00-03:00,11.84000015258789,11.449999809265137,11.760000228881836,12138800
283,CSNA3,2023-11-01 00:00:00-03:00,11.989999771118164,11.779999732971191,11.970000267028809,10222000
284,CSNA3,2023-11-03 00:00:00-03:00,12.760000228881836,12.09000015258789,12.670000076293945,17701900
285,CSNA3,2023-11-06 00:00:00-03:00,12.729999542236328,12.520000457763672,12.680000305175781,5367000
286,CSNA3,2023-11-07 00:00:00-03:00,12.75,12.5600004196167,12.699999809265137,4840200
287,CSNA3,2023-11-08 00:00:00-03:00,12.890000343322754,12.65999984741211,12.699999809265137,4631700
288,CSNA3,2023-11-09 00:00:00-03:00,12.84000015258789,12.420000076293945,12.520000457763672,5710800
289,CSNA3,2023-11-10 00:00:00-03:00,12.729999542236328,12.539999961853027,12.670000076293945,3338700
290,CPFE3,2023-10-27 00:00:00-03:00,34.33000183105469,33.29999923706055,33.470001220703125,1884100
291,CPFE3,2023-10-30 00:00:00-03:00,33.869998931884766,32.900001525878906,33.04999923706055,907300
292,CPFE3,2023-10-31 00:00:00-03:00,33.630001068115234,32.86000061035156,33.439998626708984,1372000
293,CPFE3,2023-11-01 00:00:00-03:00,34.279998779296875,33.59000015258789,33.95000076293945,2421700
294,CPFE3,2023-11-03 00:00:00-03:00,34.83000183105469,34.29999923706055,34.540000915527344,1408200
295,CPFE3,2023-11-06 00:00:00-03:00,34.97999954223633,34.2400016784668,34.93000030517578,1368700
296,CPFE3,2023-11-07 00:00:00-03:00,35.380001068115234,34.75,35.11000061035156,1471000
297,CPFE3,2023-11-08 00:00:00-03:00,35.22999954223633,34.459999084472656,34.70000076293945,1915900
298,CPFE3,2023-11-09 00:00:00-03:00,35.47999954223633,34.7400016784668,34.97999954223633,1409100
299,CPFE3,2023-11-10 00:00:00-03:00,36.18000030517578,35.2400016784668,35.65999984741211,1640100
300,TRPL3,2023-10-27 00:00:00-03:00,30.700000762939453,29.709999084472656,29.989999771118164,2900
301,TRPL3,2023-10-30 00:00:00-03:00,30.170000076293945,29.639999389648438,29.639999389648438,2200
302,TRPL3,2023-10-31 00:00:00-03:00,30.399999618530273,29.25,29.25,5100
303,TRPL3,2023-11-01 00:00:00-03:00,29.989999771118164,29.489999771118164,29.959999084472656,1600
304,TRPL3,2023-11-03 00:00:00-03:00,30.989999771118164,29.510000228881836,30.989999771118164,3900
305,TRPL3,2023-11-06 00:00:00-03:00,33.400001525878906,31.0,32.040000915527344,13500
306,TRPL3,2023-11-07 00:00:00-03:00,32.599998474121094,31.610000610351562,32.439998626708984,3900
307,TRPL3,2023-11-08 00:00:00-03:00,32.439998626708984,31.559999465942383,31.709999084472656,1700
308,TRPL3,2023-11-09 00:00:00-03:00,31.969999313354492,31.690000534057617,31.969999313354492,1600
309,TRPL3,2023-11-10 00:00:00-03:00,32.59000015258789,31.90999984741211,32.119998931884766,4000
310,GOAU4,2023-10-27 00:00:00-03:00,10.380000114440918,10.1899995803833,10.239999771118164,5432000
311,GOAU4,2023-10-30 00:00:00-03:00,10.359999656677246,10.180000305175781,10.289999961853027,5080200
312,GOAU4,2023-10-31 00:00:00-03:00,10.380000114440918,10.220000267028809,10.329999923706055,15984900
313,GOAU4,2023-11-01 00:00:00-03:00,10.510000228881836,10.289999961853027,10.510000228881836,11026900
314,GOAU4,2023-11-03 00:00:00-03:00,10.84000015258789,10.649999618530273,10.84000015258789,7529400
315,GOAU4,2023-11-06 00:00:00-03:00,11.0,10.779999732971191,10.880000114440918,6126000
316,GOAU4,2023-11-07 00:00:00-03:00,11.380000114440918,10.979999542236328,11.050000190734863,32203300
317,GOAU4,2023-11-08 00:00:00-03:00,11.199999809265137,11.0,11.0,15264200
318,GOAU4,2023-11-09 00:00:00-03:00,11.220000267028809,10.920000076293945,11.029999732971191,14834500
319,GOAU4,2023-11-10 00:00:00-03:00,11.5,11.09000015258789,11.479999542236328,11726900
320,WEGE3,2023-10-27 00:00:00-03:00,33.15999984741211,31.479999542236328,31.6299991607666,13106900
321,WEGE3,2023-10-30 00:00:00-03:00,32.470001220703125,31.729999542236328,32.29999923706055,14193400
322,WEGE3,2023-10-31 00:00:00-03:00,33.220001220703125,32.36000061035156,33.0099983215332,13609300
323,WEGE3,2023-11-01 00:00:00-03:00,33.290000915527344,32.79999923706055,33.08000183105469,11413500
324,WEGE3,2023-11-03 00:00:00-03:00,34.02000045776367,33.29999923706055,33.529998779296875,8785500
325,WEGE3,2023-11-06 00:00:00-03:00,33.95000076293945,33.06999969482422,33.209999084472656,8521100
326,WEGE3,2023-11-07 00:00:00-03:00,33.279998779296875,32.630001068115234,32.779998779296875,15716300
327,WEGE3,2023-11-08 00:00:00-03:00,32.869998931884766,32.2599983215332,32.45000076293945,6569200
328,WEGE3,2023-11-09 00:00:00-03:00,32.70000076293945,32.20000076293945,32.40999984741211,5700600
329,WEGE3,2023-11-10 00:00:00-03:00,33.40999984741211,32.45000076293945,33.16999816894531,7267300
330,RAIL3,2023-10-27 00:00:00-03:00,23.0,22.100000381469727,22.100000381469727,13980700
331,RAIL3,2023-10-30 00:00:00-03:00,22.31999969482422,21.68000030517578,22.020000457763672,12881900
332,RAIL3,2023-10-31 00:00:00-03:00,22.530000686645508,21.860000610351562,22.309999465942383,19705200
333,RAIL3,2023-11-01 00:00:00-03:00,23.15999984741211,22.219999313354492,23.0,18741000
334,RAIL3,2023-11-03 00:00:00-03:00,23.940000534057617,22.93000030517578,23.1299991607666,15266100
335,RAIL3,2023-11-06 00:00:00-03:00,23.309999465942383,22.969999313354492,23.1299991607666,10524600
336,RAIL3,2023-11-07 00:00:00-03:00,23.280000686645508,22.790000915527344,22.899999618530273,18912100
337,RAIL3,2023-11-08 00:00:00-03:00,23.030000686645508,22.360000610351562,22.649999618530273,16160000
338,RAIL3,2023-11-09 00:00:00-03:00,23.040000915527344,22.43000030517578,22.850000381469727,10072000
339,RAIL3,2023-11-10 00:00:00-03:00,23.549999237060547,22.8799991607666,23.09000015258789,21165000
340,AURE3,2023-10-27 00:00:00-03:00,13.539999961853027,13.260000228881836,13.260000228881836,2748900
341,AURE3,2023-10-30 00:00:00-03:00,13.449999809265137,13.25,13.279999732971191,4549600
342,AURE3,2023-10-31 00:00:00-03:00,13.470000267028809,13.3100004196167,13.420000076293945,3290000
343,AURE3,2023-11-01 00:00:00-03:00,13.569999694824219,13.029999732971191,13.470000267028809,7182500
344,AURE3,2023-11-03 00:00:00-03:00,13.890000343322754,13.460000038146973,13.819999694824219,4830800
345,AURE3,2023-11-06 00:00:00-03:00,13.949999809265137,13.649999618530273,13.890000343322754,2982900
346,AURE3,2023-11-07 00:00:00-03:00,13.949999809265137,13.789999961853027,13.789999961853027,2619100
347,AURE3,2023-11-08 00:00:00-03:00,13.819999694824219,13.550000190734863,13.649999618530273,5488500
348,AURE3,2023-11-09 00:00:00-03:00,13.65999984741211,13.40999984741211,13.510000228881836,3055900
349,AURE3,2023-11-10 00:00:00-03:00,13.699999809265137,13.510000228881836,13.609999656677246,3430000
350,AMER3,2023-10-27 00:00:00-03:00,0.7900000214576721,0.7699999809265137,0.7699999809265137,2010700
351,AMER3,2023-10-30 00:00:00-03:00,0.9100000262260437,0.7799999713897705,0.8500000238418579,25169800
352,AMER3,2023-10-31 00:00:00-03:00,0.9200000166893005,0.8500000238418579,0.8500000238418579,11452100
353,AMER3,2023-11-01 00:00:00-03:00,0.8700000047683716,0.8100000023841858,0.8299999833106995,7245700
354,AMER3,2023-11-03 00:00:00-03:00,0.8799999952316284,0.8399999737739563,0.8500000238418579,7718100
355,AMER3,2023-11-06 00:00:00-03:00,0.8700000047683716,0.8299999833106995,0.8299999833106995,3747500
356,AMER3,2023-11-07 00:00:00-03:00,0.8899999856948853,0.8199999928474426,0.8500000238418579,8644800
357,AMER3,2023-11-08 00:00:00-03:00,0.9399999976158142,0.8100000023841858,0.8399999737739563,22921100
358,AMER3,2023-11-09 00:00:00-03:00,0.8500000238418579,0.7900000214576721,0.7900000214576721,14140300
359,AMER3,2023-11-10 00:00:00-03:00,0.8199999928474426,0.7900000214576721,0.8199999928474426,7449400
360,ALOS3,2023-10-27 00:00:00-03:00,23.989999771118164,22.84000015258789,23.1299991607666,2629800
361,ALOS3,2023-10-30 00:00:00-03:00,23.200000762939453,22.389999389648438,22.809999465942383,3513400
362,ALOS3,2023-10-31 00:00:00-03:00,23.09000015258789,22.350000381469727,22.899999618530273,3026800
363,ALOS3,2023-11-01 00:00:00-03:00,23.290000915527344,22.709999084472656,22.850000381469727,5369300
364,ALOS3,2023-11-03 00:00:00-03:00,24.100000381469727,23.520000457763672,23.889999389648438,5654700
365,ALOS3,2023-11-06 00:00:00-03:00,24.149999618530273,23.450000762939453,23.59000015258789,2272300
366,ALOS3,2023-11-07 00:00:00-03:00,24.459999084472656,23.540000915527344,24.190000534057617,3980700
367,ALOS3,2023-11-08 00:00:00-03:00,24.6200008392334,24.0,24.299999237060547,2851800
368,ALOS3,2023-11-09 00:00:00-03:00,24.809999465942383,23.780000686645508,24.030000686645508,2389000
369,ALOS3,2023-11-10 00:00:00-03:00,25.15999984741211,24.209999084472656,24.700000762939453,7574300
370,ENEV3,2023-10-27 00:00:00-03:00,11.40999984741211,10.8100004196167,10.989999771118164,7620500
371,ENEV3,2023-10-30 00:00:00-03:00,11.140000343322754,10.829999923706055,10.829999923706055,4202500
372,ENEV3,2023-10-31 00:00:00-03:00,10.869999885559082,10.720000267028809,10.819999694824219,3016000
373,ENEV3,2023-11-01 00:00:00-03:00,10.949999809265137,10.619999885559082,10.8100004196167,12997900
374,ENEV3,2023-11-03 00:00:00-03:00,11.470000267028809,11.069999694824219,11.380000114440918,7263200
375,ENEV3,2023-11-06 00:00:00-03:00,11.550000190734863,11.109999656677246,11.420000076293945,11254200
376,ENEV3,2023-11-07 00:00:00-03:00,11.8100004196167,11.329999923706055,11.739999771118164,12563400
377,ENEV3,2023-11-08 00:00:00-03:00,11.880000114440918,11.369999885559082,11.489999771118164,9043800
378,ENEV3,2023-11-09 00:00:00-03:00,11.8100004196167,11.390000343322754,11.510000228881836,4346400
379,ENEV3,2023-11-10 00:00:00-03:00,11.84000015258789,11.479999542236328,11.84000015258789,5821900
380,VBBR3,2023-10-27 00:00:00-03:00,20.899999618530273,20.020000457763672,20.079999923706055,5754900
381,VBBR3,2023-10-30 00:00:00-03:00,20.34000015258789,19.540000915527344,19.760000228881836,6511500
382,VBBR3,2023-10-31 00:00:00-03:00,19.979999542236328,19.40999984741211,19.790000915527344,9082300
383,VBBR3,2023-11-01 00:00:00-03:00,20.440000534057617,19.850000381469727,20.149999618530273,11223600
384,VBBR3,2023-11-03 00:00:00-03:00,20.700000762939453,19.889999389648438,20.469999313354492,10887000
385,VBBR3,2023-11-06 00:00:00-03:00,20.6200008392334,20.209999084472656,20.489999771118164,5896600
386,VBBR3,2023-11-07 00:00:00-03:00,22.040000915527344,21.31999969482422,21.639999389648438,33380100
387,VBBR3,2023-11-08 00:00:00-03:00,22.200000762939453,21.510000228881836,21.829999923706055,12481100
388,VBBR3,2023-11-09 00:00:00-03:00,22.040000915527344,21.200000762939453,21.450000762939453,17717900
389,VBBR3,2023-11-10 00:00:00-03:00,21.809999465942383,21.079999923706055,21.3700008392334,14014700
